{
  "project_info": {
    "project_number": "142221254979",
    "firebase_url": "https://kotlinechatapp-5516e-default-rtdb.asia-southeast1.firebasedatabase.app",
    "project_id": "kotlinechatapp-5516e",
    "storage_bucket": "kotlinechatapp-5516e.appspot.com"
  },
  "client": [
    {
      "client_info": {
        "mobilesdk_app_id": "1:142221254979:android:1954991e58bbc0a2b18ff6",
        "android_client_info": {
          "package_name": "com.example.myapplication"
        }
      },
      "oauth_client": [
        {
          "client_id": "142221254979-ji67j465abe0a1fkt7df15bcobkahquc.apps.googleusercontent.com",
          "client_type": 3
        }
      ],
      "api_key": [
        {
          "current_key": "AIzaSyDgLh47des01cOch3cFOO8I7Cm2-yCSg9I"
        }
      ],
      "services": {
        "appinvite_service": {
          "other_platform_oauth_client": [
            {
              "client_id": "142221254979-ji67j465abe0a1fkt7df15bcobkahquc.apps.googleusercontent.com",
              "client_type": 3
            }
          ]
        }
      }
    }
  ],
  "configuration_version": "1"
}